{
  "music_disc.pizza": {
    "sounds": [
      {"name": "records/music_disc_pizza"}
    ]
  },
  "item.shield.block": {
	  "replace": true,
	 "sounds": [
		{"name":"random/sword_clang1"},
		{"name":"random/sword_clang2"},
		{"name":"random/sword_clang3"},
		{"name":"random/sword_clang4"}
	 ]
  },
  "entity.player.attack.knockback": {
	  "replace": true,
    "sounds": [
      {
        "name": "entity/player/attack/weak1","volume": 0.07
      }
    ]
  },
  "entity.player.attack.crit": {
	  "replace": true,
    "sounds": [
      {"name": "entity/player/attack/knockback1","pitch": 0.75,"volume": 0.6}
    ]
  },
  "entity.player.attack.sweep": {
	  "replace": true,
    "sounds": [
      {"name": "entity/player/attack/sweep6","volume": 0.3,"pitch":0.5},
      {"name": "entity/player/attack/sweep7","volume": 0.3,"pitch":0.5}
    ]
  },
  "entity.player.attack.nodamage": {
	  "replace": true,
    "sounds": [
      {
        "name": "entity/player/attack/weak1","volume": 0.07
      }
    ]
  },
  "entity.player.attack.weak": {
	  "replace": true,
    "sounds": [
      {
        "name": "entity/player/attack/weak1","volume": 0.07
      }
    ]
  },
  "entity.player.attack.strong": {
	  "replace": true,
    "sounds": [
      {"name": "entity/player/attack/weak1","volume": 0.07}
    ]
  },
  "entity.phantom.swoop": {
	  "replace": true,
    "sounds": [{"name": "random/ghost_idle","volume": 0.05,"pitch":1.2}]
  },
  "entity.phantom.hurt": {
	  "replace": true,
    "sounds": [{"name": "random/ghost_attack","volume": 0.2,"pitch":1.35}]
  },
  "entity.phantom.death": {
	  "replace": true,
    "sounds": [{"name": "random/ghost_attack","volume": 0.2,"pitch":1.1}]
  },
  "entity.phantom.ambient": {
	  "replace": true,
    "sounds": [{"name": "random/ghost_idle","volume": 0.1,"pitch":1.1}]
  },
  "entity.phantom.flap": {
	  "replace": true,
    "sounds": [{"name": "entity/player/attack/weak1","volume": 0.07}]
  },
  "entity.phantom.bite": {
	  "replace": true,
    "sounds": [{"name": "entity/player/attack/weak1","volume": 0.07}]
  }
}