{
  "music_disc.pizza":{
	  "sounds":["records/music_disc_pizza"]
  },
  "entity.pig.poop":{"sounds":[
	  {"name":"random/fart","pitch":0.7},
	  {"name":"random/fart","pitch":0.75},
	  {"name":"random/fart","pitch":0.8}
	 ]},
  "block.ancient_debris.break": {
	"replace": true,
    "sounds": [
      "block/nether_ore/break1",
      "block/nether_ore/break2",
      "block/nether_ore/break3",
      "block/nether_ore/break4"
    ],
    "subtitle": "subtitles.block.generic.break"
  },
  "block.ancient_debris.fall": {
	"replace": true,
    "sounds": [
      "block/nether_ore/step1",
      "block/nether_ore/step2",
      "block/nether_ore/step3",
      "block/nether_ore/step4",
      "block/nether_ore/step5"
    ],
    "subtitle": "subtitles.block.generic.fall"
  },
  "block.ancient_debris.hit": {
	"replace": true,
    "sounds": [
      "block/nether_ore/step1",
      "block/nether_ore/step2",
      "block/nether_ore/step3",
      "block/nether_ore/step4",
      "block/nether_ore/step5"
    ],
    "subtitle": "subtitles.block.generic.hit"
  },
  "block.ancient_debris.place": {
	"replace": true,
    "sounds": [
      "block/nether_ore/break1",
      "block/nether_ore/break2",
      "block/nether_ore/break3",
      "block/nether_ore/break4"
    ],
    "subtitle": "subtitles.block.generic.place"
  },
  "block.ancient_debris.step": {
	"replace": true,
    "sounds": [
      "block/nether_ore/step1",
      "block/nether_ore/step2",
      "block/nether_ore/step3",
      "block/nether_ore/step4",
      "block/nether_ore/step5"
    ],
    "subtitle": "subtitles.block.generic.footsteps"
  },
  "block.netherite_block.break": {
	"replace": true,
    "sounds": [
      "dig/stone1",
      "dig/stone2",
      "dig/stone3",
      "dig/stone4"
    ],
    "subtitle": "subtitles.block.generic.break"
  },
  "block.netherite_block.fall": {
	"replace": true,
    "sounds": [
      "step/stone1",
      "step/stone2",
      "step/stone3",
      "step/stone4",
      "step/stone5",
      "step/stone6"
    ],
    "subtitle": "subtitles.block.generic.fall"
  },
  "block.netherite_block.hit": {
	"replace": true,
    "sounds": [
      "step/stone1",
      "step/stone2",
      "step/stone3",
      "step/stone4",
      "step/stone5",
      "step/stone6"
    ],
    "subtitle": "subtitles.block.generic.hit"
  },
  "block.netherite_block.place": {
	"replace": true,
    "sounds": [
      "dig/stone1",
      "dig/stone2",
      "dig/stone3",
      "dig/stone4"
    ],
    "subtitle": "subtitles.block.generic.place"
  },
  "block.netherite_block.step": {
	"replace": true,
    "sounds": [
      "step/stone1",
      "step/stone2",
      "step/stone3",
      "step/stone4",
      "step/stone5",
      "step/stone6"
    ],
    "subtitle": "subtitles.block.generic.footsteps"
  }
}